image_id,feature_wind_speed,feature_wind_dir,feature_wind_std,target_power
seq_0.png,0.5430351498792007,0.5528356487711781,0.023708560989461065,0.9959773530882109
seq_1.png,0.5594863842107973,0.5451569932219151,0.0290680220968107,0.9929444965804959
seq_2.png,0.5710268751708709,0.5441144718630708,0.030668184381520358,0.9654818776804983
seq_3.png,0.5585790584167082,0.5490045226505932,0.026973677514406498,0.9590931385281518
seq_4.png,0.55758130650828,0.5479058824805956,0.017927200656047172,0.9496722175258533
seq_5.png,0.5360812681812295,0.54443533243741,0.012606214882360297,0.9399574830677768
seq_6.png,0.5439198502271132,0.5345030234221425,0.012452360553358549,0.9382380502930376
seq_7.png,0.5452004958831895,0.5305971711202424,0.012659856782548433,0.9443924133385238
seq_8.png,0.5213780198254896,0.5339055106722795,0.013947359215079448,0.9575475650589348
seq_9.png,0.5105016500306552,0.535480524949938,0.017186055929126462,0.9581856563711644
seq_10.png,0.5096907283115979,0.5346438714655424,0.01612219936964213,0.973381310495717
seq_11.png,0.505121977261199,0.5349144200845664,0.017806205480342632,0.9699825870831374
seq_12.png,0.4965561649460075,0.541668090123418,0.016961851766626884,0.9710152857209347
seq_13.png,0.4998276228548464,0.5445655840285519,0.008832662776588477,0.9848773438453995
seq_14.png,0.5248874989415597,0.5455836487755874,0.010000031581639597,0.9603577170390877
seq_15.png,0.5195058587419991,0.5514620094722102,0.011107313975644763,0.9843199416016227
seq_16.png,0.5124523569774778,0.55003174273238,0.011185429423744736,0.9731458549364358
seq_17.png,0.5012117856024804,0.5490689490803152,0.011613008397577822,0.9654229800577913
seq_18.png,0.5088337989962909,0.5586262284573058,0.009925311461442847,0.9824723238519167
seq_19.png,0.49756466204961347,0.5565687365154834,0.010468372669352946,0.9332349232543062
seq_20.png,0.4802414021601929,0.5471778214389286,0.013754796152869763,0.9615594849122912
seq_21.png,0.4904584180242611,0.5550009278253579,0.011897212562881085,0.9779975887731538
seq_22.png,0.5000359055993714,0.559087894689236,0.00988666859370071,0.9479660755090462
seq_23.png,0.4844963481092109,0.5527387124259316,0.010586841396927837,0.9124514162078432
seq_24.png,0.4755857815037201,0.562701539223699,0.009684518100430325,0.8941096305371693
seq_25.png,0.4633549495887644,0.5575134738129014,0.01260282828054911,0.9724461673704472
seq_26.png,0.494712153247063,0.5496520082693008,0.013470571115990055,0.9587712593094339
seq_27.png,0.49571111588170724,0.5586179208387371,0.014071187805576374,0.9108674547119111
seq_28.png,0.4677388378799009,0.5565498324446568,0.013637863862332227,0.8415956870478515
seq_29.png,0.4325773811068733,0.5540673379957158,0.02339682513902962,0.9519193676027979
seq_30.png,0.4835386258363354,0.5631871110519202,0.02388701538413067,0.9444593393886117
seq_31.png,0.4752092834854124,0.5538987272474027,0.023421488052523896,0.7758552805125767
seq_32.png,0.423489064758642,0.5478639629154667,0.028809767586394492,0.6890237904566962
seq_33.png,0.3846958076864322,0.5564459448267305,0.037860949040107277,0.8884866954115838
seq_34.png,0.45297092917712956,0.5569154100475204,0.03650711597782934,0.9919466777490435
seq_35.png,0.5034223824988303,0.5542484525576911,0.04358877734175712,0.9945884351515586
seq_36.png,0.5180748560238437,0.5572476300186797,0.05008379080499245,0.9326958042359049
seq_37.png,0.4570663619470548,0.5440444928923638,0.049500354752673774,0.9249041142654361
seq_38.png,0.45672875850847106,0.5493000788969438,0.04683938295845811,0.9859713688738532
seq_39.png,0.49259281483932377,0.5532364913671527,0.028124127012682153,0.9725130259547575
seq_40.png,0.48243054650138084,0.5511061806054219,0.024807731954059192,0.9630972998172352
seq_41.png,0.46302763732302693,0.540717503584356,0.024301496287968752,0.8692443090931049
seq_42.png,0.4421905472701932,0.5439828215402284,0.01853639123328184,0.8230256646559617
seq_43.png,0.42739407299574195,0.5365880237540223,0.024341064293747716,0.8784865132539877
seq_44.png,0.43361720575134194,0.5419472430616754,0.026804426503458406,0.956572684591424
seq_45.png,0.48163354813381803,0.5508225771572182,0.024123028585642657,0.8518310549016235
seq_46.png,0.44416232842022974,0.5576620784593521,0.02017072802676919,0.9654368105419311
seq_47.png,0.51371438771797,0.566894343452719,0.033557832582547846,0.9951123743702914
seq_48.png,0.5903127600933145,0.5488767294363759,0.062436777036192936,0.9941504473318298
seq_49.png,0.6000179792843232,0.5454080867545944,0.07146854601860851,0.9954235939963542
seq_50.png,0.646420045267538,0.5467722740181518,0.07813072272273372,0.9953740741165512
seq_51.png,0.6396878778080612,0.5339774817760081,0.07871358924974103,0.9950419400998359
seq_52.png,0.6059903782074095,0.530418260620336,0.047544513560072464,0.9922672076522383
seq_53.png,0.5382335232079918,0.5359635960154284,0.03899645253072814,0.9953334597192196
seq_54.png,0.6096878982390667,0.5409836440792396,0.03849056152450772,0.9953401388310745
seq_55.png,0.6292844101065664,0.5417822351071314,0.03932391666688447,0.9925173032849748
seq_56.png,0.5919425489222305,0.5499747762050469,0.035793368953246175,0.9890270962797347
seq_57.png,0.539892255960536,0.5597107117670878,0.038149678023768764,0.9943069004670643
seq_58.png,0.5738258093383144,0.5569159610630383,0.03699397189673274,0.9741898878246539
seq_59.png,0.5033834879191065,0.5617426450660655,0.04647429155027588,0.9839631825765571
seq_60.png,0.5378439342124653,0.5615415244022307,0.04487507023650126,0.977600755076967
seq_61.png,0.5285568695886669,0.5646965544830148,0.03196622579777326,0.9647827298407201
seq_62.png,0.500158869980793,0.5585973637213567,0.027125139190224145,0.9756912712103968
seq_63.png,0.4885644260336683,0.5487372801246738,0.031373446948441505,0.8057624543509678
seq_64.png,0.4118140696828908,0.558114292655869,0.04476574890615469,0.6020502174759286
seq_65.png,0.36170059815172084,0.5584051440774174,0.06983956846144442,0.6202204376774773
seq_66.png,0.36710255585061163,0.5527148068296407,0.0721190772754136,0.7828524935013592
seq_67.png,0.4104033087936776,0.5462458846558346,0.05902138756529767,0.8859379733145856
seq_68.png,0.44050245440688685,0.5559662222401562,0.04735397451138899,0.8702728248527715
seq_69.png,0.4391456465047207,0.552494824480788,0.03409679368329965,0.9046415104777711
seq_70.png,0.4493297457497621,0.5587387627802745,0.03870069536063084,0.8605495897068816
seq_71.png,0.437004477189879,0.5692460352950002,0.030771998830809992,0.8597097757235199
seq_72.png,0.4327245600126317,0.5689310239623079,0.013167124343733776,0.9287814398950759
seq_73.png,0.46692871069992176,0.5827222218030735,0.0123738155946337,0.9454745643903489
seq_74.png,0.4711110509111108,0.5822277913407657,0.01622034136613588,0.9727573195307351
seq_75.png,0.4827919861123652,0.5786652640919864,0.020050619329191662,0.9919016106104763
seq_76.png,0.5086334238073699,0.5866200208012581,0.028540706797822488,0.9658397161579847
seq_77.png,0.49875484375615725,0.5818503033255642,0.026846725512880355,0.9115792861176334
seq_78.png,0.45224528798598596,0.5711843807276475,0.02097413780841084,0.7998492814557496
seq_79.png,0.4183696602906535,0.5572556833223954,0.0329895350629281,0.9634944033765273
seq_80.png,0.48834899243742397,0.5612709757832067,0.03364241570632114,0.9548223524911401
seq_81.png,0.4827546806108017,0.5658946317609924,0.033640659394693656,0.9828815712509423
seq_82.png,0.4874662595196159,0.5683610196025021,0.030337085889760564,0.9328077299587852
seq_83.png,0.47660021873282543,0.5603968108578198,0.027550844105924666,0.9655255280377647
seq_84.png,0.4845482958309598,0.5603248821399001,0.02709544412484834,0.9807709044394506
seq_85.png,0.5132799640172164,0.5554717917778484,0.01268622785886914,0.9625788927921589
seq_86.png,0.5423079574450904,0.5663112842637336,0.025214161302850778,0.9920209575687494
seq_87.png,0.5434362407737934,0.5688991074481101,0.029726024243410844,0.9904668834117161
seq_88.png,0.506163390983828,0.5629226659893963,0.02808525491676075,0.9945492375355278
seq_89.png,0.5064339504581419,0.5590512309644272,0.022933502127134624,0.9955523186975314
seq_90.png,0.5188135503570164,0.565116852165334,0.017034141894814676,0.9811622059419809
seq_91.png,0.4996193022751278,0.5698746592286901,0.019169967177221407,0.981775402382755
seq_92.png,0.4964557881755768,0.5694710191693199,0.017288257353633027,0.9906812896487921
seq_93.png,0.49727821179369647,0.5670046313278074,0.008381365029285479,0.9454071660798256
seq_94.png,0.47466574308434845,0.5611118170703069,0.014489498966150855,0.9412244903466594
seq_95.png,0.4739254596730155,0.5399444288134999,0.016965349194662055,0.9715030632835715
seq_96.png,0.48429241641202886,0.52645853595516,0.011676617213384165,0.9716011585223093
seq_97.png,0.486992979074336,0.5293910405385491,0.010136387725177868,0.9603966447920133
seq_98.png,0.5047462737819736,0.5211493319021603,0.012255437949644076,0.959218894735172
seq_99.png,0.4866049791569699,0.5262179541031182,0.011190665451076507,0.9068795526749169
seq_100.png,0.46432137395632594,0.5340644150703234,0.013662819097278785,0.816615943647185
seq_101.png,0.4349569499808865,0.5290513182791922,0.024263201394751913,0.8460793276090858
seq_102.png,0.4482252229230724,0.5357208101013179,0.02645937965208554,0.7403448040895042
seq_103.png,0.4231510451329203,0.5391269337147814,0.031150290019418936,0.7519430480902801
seq_104.png,0.4297899488384921,0.5422308465098791,0.023982616601532464,0.7320620307333584
seq_105.png,0.4196764879011752,0.5426236358021381,0.016851891263856018,0.7482571903337721
seq_106.png,0.41214535464403107,0.5605529177924683,0.01268719988414003,0.6932901912182499
seq_107.png,0.3999212573936569,0.567246569525738,0.01636836176466204,0.6401820766370739
seq_108.png,0.39033302462337194,0.5548576214050362,0.014923902701701356,0.8515530284374995
seq_109.png,0.45385998057238525,0.5562267678082489,0.022598536411995374,0.9389029255184563
seq_110.png,0.47385641044345145,0.5587992897155653,0.03238568926506295,0.9372662057854588
seq_111.png,0.4704945264202776,0.5603109795945376,0.037036951754427005,0.991372139198087
seq_112.png,0.508270811305367,0.5593051219605021,0.04575105165998974,0.9956833372351027
seq_113.png,0.5123198581271025,0.5602173493423955,0.044403587533673614,0.992361997067936
seq_114.png,0.50497162019912,0.5622629308718798,0.02432876162095642,0.8901029730143643
seq_115.png,0.4627301013551855,0.562953480472561,0.02205381724422674,0.7979958616492819
seq_116.png,0.44018191464092454,0.5668404710894434,0.02960239089629064,0.6534151513291082
seq_117.png,0.40311613686926806,0.5648312989699147,0.044433479879669904,0.5349516236651033
seq_118.png,0.3650881344366182,0.5494517353216459,0.0575322846944617,0.42818328832241626
seq_119.png,0.3387796969385809,0.5430761466993198,0.06220301065953929,0.44926111481798003
seq_120.png,0.3494857326887531,0.5207940540508899,0.050602061424416256,0.652714654173804
seq_121.png,0.3905784236934888,0.5296157700980157,0.037714737346050436,0.5796979287332019
seq_122.png,0.37049379998454873,0.5464858731065496,0.02424481704908671,0.43235877895040725
seq_123.png,0.33424234909943557,0.5472700529593728,0.02132582824178947,0.30603943509555986
seq_124.png,0.303746350133396,0.5241435078376848,0.030178460674686918,0.36010310119933775
seq_125.png,0.3231206180696804,0.5046133986119985,0.03175935476488774,0.43141675431595233
seq_126.png,0.33909123192830376,0.4820496098767745,0.031767417382945876,0.42694475160113154
seq_127.png,0.3325319713066969,0.4760682092784052,0.021879106194289573,0.4025547265510874
seq_128.png,0.3114514685314477,0.49950277207429394,0.013956283001476198,0.49620795111159993
seq_129.png,0.34343202593315064,0.5228876587020058,0.01569680519170793,0.7663707392832302
seq_130.png,0.4333537592935537,0.4973341445412036,0.04376148352752965,0.768934371316789
seq_131.png,0.4128031194966329,0.49146328613277845,0.04891899956286625,0.6760443870835409
seq_132.png,0.376820071479763,0.48521714377122327,0.04777986167687525,0.9429798149143894
seq_133.png,0.4733097297212605,0.501871418240189,0.05971834696978336,0.8995794858163326
seq_134.png,0.43943050768247344,0.51076870818481,0.04668751362600811,0.7728884729998591
seq_135.png,0.4148962759499308,0.533867744916435,0.032199213515307815,0.6819939914979629
seq_136.png,0.38844501059347647,0.5475164416672499,0.03499565512307801,0.35340739276483385
seq_137.png,0.3025661947533333,0.5637274029595969,0.058841703287158716,0.2880947529841779
seq_138.png,0.28912293403759287,0.5760791363399722,0.07436915978703391,0.1683119995304382
seq_139.png,0.24709221397860623,0.602778762776883,0.07768737629901505,0.048481252610082196
seq_140.png,0.17740300210159374,0.6180849565897255,0.0882205033393075,0.2037864660954114
seq_141.png,0.24863295767777877,0.5866714347876093,0.07046501039041923,0.38012751706377945
seq_142.png,0.3079954694624963,0.5378111086593266,0.049100539257429514,0.4202824724587814
seq_143.png,0.3260949183626232,0.478157363419572,0.053699564017248604,0.3728133835908376
seq_144.png,0.3163883749398139,0.4676611959868076,0.05708857984097069,0.2457019746558063
seq_145.png,0.26955336082842135,0.4753629094161845,0.0559640481097776,0.11388392546920759
seq_146.png,0.21963443786624964,0.45195801668661295,0.04232764110950112,0.12286168065344642
seq_147.png,0.21787322848999244,0.41745194148621895,0.048500296701677194,0.18120450698371984
seq_148.png,0.2410835311041999,0.4156719494361033,0.047423592923844966,0.24388797172914112
seq_149.png,0.26545013400847506,0.42284311969387867,0.03718151797999351,0.2758934155426306
seq_150.png,0.2716817040123997,0.4365704421204401,0.024854401330287063,0.32978283441267336
seq_151.png,0.30783864258219473,0.42416869348541153,0.034627406165952335,0.3102500416601162
seq_152.png,0.29428007911187803,0.422436173541404,0.03322355644993929,0.3355113534781644
seq_153.png,0.2964462007373479,0.42995787443983874,0.02467000058790927,0.3001898824273896
seq_154.png,0.28091604529296554,0.4450538346399038,0.016172221424518893,0.2930868493684866
seq_155.png,0.27984285000713965,0.4606014156351563,0.013310538737874415,0.401166382073533
seq_156.png,0.3081136098566434,0.47457122727516643,0.012380709209778214,0.37622560015867956
seq_157.png,0.3107689783793814,0.4806257010082973,0.013048460903145107,0.41190383023451715
seq_158.png,0.31576995868926505,0.48327099934971623,0.015508584761844761,0.3186582338943992
seq_159.png,0.28896849077453135,0.49109550446784334,0.016012688473050943,0.26362155949840527
seq_160.png,0.2777612143705034,0.49470609722405773,0.01669917464948682,0.22081919644212483
seq_161.png,0.26811603963282044,0.48342825070120926,0.019536012045591078,0.17029574635026995
seq_162.png,0.24517930439087302,0.4666586868316855,0.026637446420104394,0.17877099956619485
seq_163.png,0.25000858858910235,0.4689253527410582,0.026165744953931567,0.3657860471329386
seq_164.png,0.29825334203946424,0.5130639845152758,0.02110032474723339,0.43354567061993493
seq_165.png,0.32112193609650863,0.5389183107627488,0.029047001813983418,0.4368664373280038
seq_166.png,0.3116301830716417,0.5494522863371609,0.03238436123077419,0.41317778648835707
seq_167.png,0.3062550505254972,0.5311388193738052,0.03276427126655094,0.5703291587759806
seq_168.png,0.35102346848998034,0.5418478059536954,0.03311109349170388,0.654582714053727
seq_169.png,0.38209217879187574,0.5502112042478042,0.0320252651592953,0.6953870275456019
seq_170.png,0.3875133189342679,0.5328882936414239,0.03573925097489216,0.5827373968869942
seq_171.png,0.3643973772946009,0.5278007673696393,0.03472733670531181,0.7096713539639167
seq_172.png,0.3938604376215318,0.4981219271877904,0.032479713692272455,0.9520514655927901
seq_173.png,0.4773765969195019,0.48871299814239744,0.04438213891612135,0.8273909702455687
seq_174.png,0.431368925001488,0.5021097536443533,0.0413028513448493,0.717084425997802
seq_175.png,0.411830755003572,0.49283997720999767,0.039594466763751605,0.5365038087804003
seq_176.png,0.3683165737295572,0.43713069774416774,0.042543303969478155,0.43702784919779686
seq_177.png,0.32785637366764336,0.41994087857813356,0.05164995584948985,0.2800115433943226
seq_178.png,0.2841019578275309,0.40117769818099447,0.07087114757131661,0.02416327890082056
seq_179.png,0.15265672302269306,0.45075773534656655,0.10197986083370927,0.05226630614080231
seq_180.png,0.18065972320225918,0.41126276565199704,0.10317670590972122,0.12005080341619688
seq_181.png,0.22756289741615157,0.3796447747071326,0.08453200872914694,0.09298856859886395
seq_182.png,0.2006651956847601,0.38740260694766,0.06599813918817646,0.08196518361148349
seq_183.png,0.19528834163727596,0.39387458089971467,0.045147868560949496,0.025678602402591223
seq_184.png,0.15160471544566595,0.41271053773095623,0.0294707051625576,0.08553032822774807
seq_185.png,0.18710398375084353,0.5211290290996359,0.024984486020578036,0.10533316961638285
seq_186.png,0.20157318359475057,0.5234376569599491,0.02479844456278007,0.11530729311788343
seq_187.png,0.2119838778183532,0.5617787577753564,0.021119979774735634,0.12334256827367891
seq_188.png,0.2163258636318201,0.5584290072878995,0.023348617832382786,0.057092386116082916
seq_189.png,0.17047473483014924,0.531906638304344,0.02519506318146984,0.06946511614570695
seq_190.png,0.18790204150384623,0.5095406217540414,0.017296665424327347,0.07599721163946539
seq_191.png,0.18965963761904936,0.5220607115678739,0.01706685542072479,0.08684653492399644
seq_192.png,0.19416563899973124,0.5023589398156258,0.01687771421081895,0.06598505852318758
seq_193.png,0.1780324473112763,0.5162751334072132,0.01573154390725007,0.11303030630137084
seq_194.png,0.21085379731792372,0.5022725151510196,0.013913824620868568,0.1399579131621006
seq_195.png,0.22658884925694353,0.5171668036717292,0.01770520984335429,0.11826147609721262
seq_196.png,0.21323826584959799,0.5454875601465208,0.017873761982543358,0.26314945086231384
seq_197.png,0.273565934522867,0.5387166814692022,0.03279729411653938,0.28184037192533024
seq_198.png,0.28726961488085473,0.5214579429776907,0.0412853431277477,0.28058383870821757
seq_199.png,0.2662058730966723,0.514651799307261,0.033335339567934705,0.27073644966749494
seq_200.png,0.27183845522231287,0.5105509298980233,0.0294405427050445,0.10484551011885426
seq_201.png,0.20147229604919634,0.5142767696689841,0.035663723079875226,0.23256697833606446
seq_202.png,0.258719593462351,0.5257354764389572,0.030110849626500315,0.18587135086049214
seq_203.png,0.24482968827810445,0.5257715891482482,0.02977549379806523,0.12492732249248263
seq_204.png,0.21618823811261711,0.529550199251449,0.028508879487796696,0.15447338576323685
seq_205.png,0.23213225382965957,0.5470389231427443,0.026321545920154853,0.0916672513700612
seq_206.png,0.20209814691542158,0.5374086130167982,0.023374596386248087,0.05861186719631788
seq_207.png,0.18244037986837752,0.5498195169865783,0.028155890338654534,0.022030093278182308
seq_208.png,0.1440014493906228,0.5547692893790233,0.03653604086305751,0.05057372474502985
seq_209.png,0.1774437884410305,0.570477724519538,0.03131736512266291,0.07715297628645405
seq_210.png,0.1951366603433968,0.5675935397584397,0.029226571781608607,0.1271761760802788
seq_211.png,0.22319421887311847,0.5816069663959357,0.02669934269575217,0.17898837429742806
seq_212.png,0.25060589280124174,0.5879308867170575,0.037289240022459945,0.1893143318223247
seq_213.png,0.24744752428811398,0.5890342317118573,0.041904548401732425,0.1961553952718635
seq_214.png,0.25586666847266665,0.5878028391879844,0.03246216858102758,0.136333795024129
seq_215.png,0.2294181840029927,0.5898681301186691,0.022724235565828206,0.10116229196084534
seq_216.png,0.21209702396685515,0.6023145957822221,0.017415915934183582,0.05058066107015557
seq_217.png,0.17374161468047936,0.6112290943653045,0.031191156502912668,0.0
seq_218.png,0.08672090430049192,0.6622552505632849,0.06308899851148302,0.0
seq_219.png,0.08498036239911132,0.6521221599706534,0.07316649882124515,0.0
seq_220.png,0.09923847023531761,0.6203063968408647,0.06558006847507702,0.0
seq_221.png,0.105870696029098,0.6279255851000639,0.05297436612352336,0.0726226325415773
seq_222.png,0.19325159745865536,0.6193066427633293,0.04716794180194385,0.16156680494901937
seq_223.png,0.23491614850737547,0.5909186623954201,0.06376914741908253,0.08251142026928276
seq_224.png,0.1995787391633386,0.6001331677348022,0.06362101133928488,0.07731227985073869
seq_225.png,0.1982804055539344,0.5746760812895374,0.05572884238029587,0.22756020814541292
seq_226.png,0.25527153978419875,0.5801227849070236,0.05129452846627428,0.24408146357556473
seq_227.png,0.27757811094777274,0.5894758918419252,0.03502616165724006,0.3192205611398471
seq_228.png,0.3025242355228741,0.5710521370034812,0.04200666636216415,0.38698325431966296
seq_229.png,0.3214719494788167,0.5513437106792124,0.05171812782325073,0.33301849304394116
seq_230.png,0.2982867126808215,0.5771627719335743,0.044134590089125215,0.3570451474228397
seq_231.png,0.30501657219344785,0.5531923253541462,0.023384661183346197,0.512935618084335
seq_232.png,0.33559476811906697,0.5360577772830883,0.01996118492158546,0.5328315453778172
seq_233.png,0.36012442179310244,0.5408033348476354,0.02389638564078881,0.44336706847034035
seq_234.png,0.334817557558114,0.5444711484460389,0.022640847786680917,0.4421425983634132
seq_235.png,0.3168859644974215,0.5648579596437923,0.02289561262513656,0.40237702169631767
seq_236.png,0.31500355007627995,0.5833036279455055,0.0197825871914942,0.38317916279019565
seq_237.png,0.30627067646073564,0.5933639844898433,0.01949692341241726,0.40355588493846717
seq_238.png,0.3084243313896892,0.5947578842055296,0.020539959496932082,0.523607320846317
seq_239.png,0.3404846264633429,0.5846772672444733,0.01411197232165152,0.4864749671610327
seq_240.png,0.33084138132056806,0.5890106228162285,0.013368470223018163,0.5557130356698307
seq_241.png,0.3603732638658993,0.59607481129202,0.02111388546424856,0.5053746948016938
seq_242.png,0.3441751091488607,0.5871486566114529,0.021185258085420076,0.5418175482532092
seq_243.png,0.36303973701815867,0.5800588671070078,0.02017668671085542,0.525169457163616
seq_244.png,0.36466101292836206,0.5676663161925395,0.014014126740681651,0.4283151164493032
seq_245.png,0.32771108652159825,0.560806808788543,0.016590723572977015,0.46775736338348967
seq_246.png,0.33681203982472036,0.5414311110651454,0.015462830013452996,0.5336354001024131
seq_247.png,0.3486669034140895,0.5391802974483481,0.014520559354776636,0.5693009128794191
seq_248.png,0.35533187556852147,0.5370752486287971,0.01472091021152148,0.5719197993837677
seq_249.png,0.36085116020488234,0.5424963936034388,0.014336561250614482,0.5629779865918496
seq_250.png,0.3461834769317688,0.5544051105078573,0.012113274464825265,0.44071944154528875
seq_251.png,0.32183164867086145,0.5486734047104697,0.013976062028611753,0.2748428047412247
seq_252.png,0.27202555025803987,0.5567842683543898,0.03325164020381096,0.31427714131313833
seq_253.png,0.2888149933913269,0.5580306654546583,0.036812093473114225,0.3503596600534457
seq_254.png,0.2989088178628129,0.5549928745216423,0.034387422666295325,0.2770204482021376
seq_255.png,0.275562724736325,0.5463386671917967,0.02868356561069616,0.32396644117355167
seq_256.png,0.2811046915716584,0.5546398431182523,0.01846161461585541,0.3460158760464765
seq_257.png,0.2938546791049619,0.5484764378559192,0.010573309678172544,0.30982308449481294
seq_258.png,0.275097351846649,0.5455458830197429,0.00986762248288673,0.32691580878309956
seq_259.png,0.2837139579101628,0.5389699790639529,0.00974984645973357,0.2576339381190406
seq_260.png,0.26072039420640303,0.5313763494475985,0.011008239753548253,0.27344037678286737
seq_261.png,0.2681785812089696,0.5280629659842856,0.011767703734377761,0.20740713504556976
seq_262.png,0.2544958426310172,0.5153314981408311,0.014628173583921255,0.22819207573977907
seq_263.png,0.258805536106164,0.5211304278313336,0.01103708645598796,0.3085298330289489
seq_264.png,0.28020892442942086,0.535379689110263,0.011960971975678312,0.2726810494706297
seq_265.png,0.2655298338452313,0.5446553147862627,0.009033397358181166,0.28135401114399694
seq_266.png,0.2701413575827671,0.541234186596401,0.009031160443983093,0.18215707314571997
seq_267.png,0.24185924717497867,0.5346335717139492,0.013283974542000863,0.20158642399676693
seq_268.png,0.24369921050813512,0.5298971694841479,0.015086724535798717,0.23889649940326502
seq_269.png,0.2551125562978233,0.5404975212355005,0.015221919253048086,0.3709140870564871
seq_270.png,0.2990671959860796,0.5499559145200289,0.021160277944104706,0.3534657169284431
seq_271.png,0.29212301901543924,0.54793228883962,0.024436181496024136,0.37344341274279885
seq_272.png,0.29598758142985143,0.5589356872490161,0.02722016316892964,0.28731798576876916
seq_273.png,0.2789715054828119,0.5537181637009454,0.02309382331500552,0.24207826974571475
seq_274.png,0.27274422977343776,0.5393113967556699,0.0167721321598388,0.2083624335715098
seq_275.png,0.2517310358088174,0.5446736678415716,0.017889399539264123,0.3101458407686241
seq_276.png,0.28506465542845383,0.5503800693109706,0.015994734383301838,0.25086034044580013
seq_277.png,0.263247293326954,0.5539781582535201,0.015756658913705146,0.2790305404076123
seq_278.png,0.27482599783325456,0.5392766827780766,0.011919567846277524,0.49934328813351075
seq_279.png,0.3306190238837693,0.5366972095980775,0.027373781248893427,0.6562639611990814
seq_280.png,0.3782014722582146,0.533174948867879,0.048054355244191854,0.491666289982749
seq_281.png,0.3342862379248037,0.5273015896967204,0.04405611057689239,0.36890839699291544
seq_282.png,0.29731321313193027,0.5337191402699842,0.0428798015617276,0.4319044981457018
seq_283.png,0.3177779859554249,0.5336071993483422,0.03531662296659717,0.4316751145062875
seq_284.png,0.3151836266834677,0.5395702892772116,0.02746694344212688,0.4048314941038285
seq_285.png,0.3065960780491634,0.5562081604380841,0.028880247522386458,0.36265678203089463
seq_286.png,0.29605152290818876,0.5695271379804733,0.01439186474950916,0.2119628627887787
seq_287.png,0.25470777647179116,0.5574239973700438,0.022973029307694324,0.07827582606783141
seq_288.png,0.1883861049794976,0.560888486242541,0.05032412655868355,0.1898750736220284
seq_289.png,0.2485205303979681,0.5782708217531765,0.04774305544397196,0.12870626615383662
seq_290.png,0.2182370328006165,0.5577581670884187,0.04500518027304655,0.09827252193143704
seq_291.png,0.2091594805651583,0.5778058070423329,0.03851182408365762,0.12927873013217223
seq_292.png,0.22621216206266612,0.604855455490194,0.024781729603283616,0.23912982979059294
seq_293.png,0.2610184977021553,0.5897297828380028,0.02641538134841046,0.41809442240187406
seq_294.png,0.30462567788371736,0.5803297124266964,0.035148723055008144,0.41221582571700804
seq_295.png,0.31325064552516774,0.6034412529719861,0.045105724545973995,0.5539068756396592
seq_296.png,0.3556631605296597,0.6148693995736478,0.05602115556781904,0.4370267360124886
seq_297.png,0.32068312351321915,0.6105663074695394,0.046108627986176445,0.3956138812184029
seq_298.png,0.30944202244550245,0.5959678718958423,0.03044518686990076,0.4210846742718588
seq_299.png,0.31652386277053984,0.6025412750889014,0.018318295453230698,0.4679182017941849
seq_300.png,0.32355345269227326,0.5982431845102574,0.016692259453231193,0.4905136709275782
seq_301.png,0.3272491566346023,0.5861172403345728,0.015989337913723846,0.5182504707424521
seq_302.png,0.3370564173445917,0.583693619774369,0.009434396993955416,0.43055346224243896
seq_303.png,0.3158700516957395,0.5800947255014456,0.009808610270342811,0.5004760047846722
seq_304.png,0.33135102138755484,0.5673890706156888,0.00833805675530535,0.465943748385038
seq_305.png,0.32274998450648834,0.55146980846107,0.007362663001513098,0.652787314814876
seq_306.png,0.3808220134846152,0.5521481509487511,0.023190349262943086,0.5529186706813288
seq_307.png,0.3563455939289348,0.5483389382914327,0.02405813399285432,0.323307907731105
seq_308.png,0.28900500173701393,0.5266101923798622,0.032150161274569336,0.3617907238605516
seq_309.png,0.2984000480052948,0.5079383957869846,0.03467047450279193,0.20974593737961564
seq_310.png,0.24658062539911413,0.5189520939479739,0.04843971050510707,0.1376698197921648
seq_311.png,0.21824215946944167,0.5439008473855713,0.062208849769295874,0.09187803975488318
seq_312.png,0.20259484734596334,0.542160316523657,0.0572382918757366,0.0700754958903222
seq_313.png,0.18447222438933833,0.532318840297136,0.046499807542165573,0.04985510037895507
seq_314.png,0.17354392579035258,0.5728999463480413,0.04599362233536428,0.0713967287869044
seq_315.png,0.19174668368846856,0.545057810428791,0.02634092803895509,0.0
seq_316.png,0.11458029154135949,0.0,0.0359107842024528,0.0
seq_317.png,0.09468519377937959,0.38687787063189655,0.04457137052980076,0.0
seq_318.png,0.0982629086683381,0.42737954567668424,0.04510529882976724,0.0
seq_319.png,0.07037381134116008,0.400112669957557,0.04802157826158993,0.0
seq_320.png,0.09858223770808319,0.39684544464027505,0.04186910599161451,0.0
seq_321.png,0.1096766990215592,0.37197777525534886,0.015396689014377582,0.0
seq_322.png,0.09946393015804736,0.2868735981423474,0.013154295949548096,0.0
seq_323.png,0.09858275794200455,0.29569726393668605,0.013221386918030804,0.0
seq_324.png,0.096673092722181,0.2853316236028253,0.013178588039307975,0.0
seq_325.png,0.09360370312720737,0.2982522805048735,0.005440198233795539,0.09358250356050615
seq_326.png,0.20924807167257076,0.13129024479584894,0.045091074916796564,0.14329651613477767
seq_327.png,0.2346899318807596,0.1199633896813104,0.06502291292003555,0.13929397402432675
seq_328.png,0.23241329365279081,0.11849932025878043,0.07132175143191948,0.12345011715432044
seq_329.png,0.22418771432218768,0.1468501812544352,0.06772642384749412,0.19501426226510926
seq_330.png,0.2519151040290019,0.1492273893537529,0.05759580118497612,0.21977772725340755
seq_331.png,0.2632877580672394,0.1474677954742297,0.01932706741742181,0.2798427102891367
seq_332.png,0.278118113758171,0.1466368958634079,0.020694730991565383,0.3428890734452667
seq_333.png,0.299897754170971,0.15370547127043227,0.028363867672932967,0.35428836087173743
seq_334.png,0.29373962227914857,0.1436231588770166,0.028217607830773924,0.2601979580808146
seq_335.png,0.2697975113371269,0.1483241371669205,0.01827753928612326,0.16327169884896642
seq_336.png,0.23111055224325275,0.12691115493615387,0.02465127213759354,0.17977644203036883
seq_337.png,0.24121635155372917,0.12644195462666966,0.02777781530169055,0.2408332563099054
seq_338.png,0.26114568070773625,0.11212622180273439,0.02752415460739236,0.25260809198014067
seq_339.png,0.26355635011145156,0.13018297911371426,0.02207118386241476,0.23097642206049906
seq_340.png,0.2517401162554449,0.10719288450774078,0.014693407576530164,0.17270978989133276
seq_341.png,0.239726704284435,0.13528271249849827,0.012872258630374167,0.16358097883396194
seq_342.png,0.22842332648692892,0.11445571407753923,0.013606678138640917,0.1407534358633222
seq_343.png,0.22590838328777105,0.1305082372157406,0.016232634555241487,0.32906988982164004
seq_344.png,0.28043576533674236,0.09305156928795476,0.021200311630389327,0.26631766058372736
seq_345.png,0.2634907628021627,0.09395949451023233,0.02119088577884785,0.27108275149723426
seq_346.png,0.26541939291312044,0.07602103599224863,0.02234127135173886,0.21495034856193326
seq_347.png,0.25245315832689447,0.08243235585158536,0.021701170162532344,0.2708748894404591
seq_348.png,0.2708645205686873,0.11356990365112193,0.01895292501903738,0.26595778126650804
seq_349.png,0.26645700419872315,0.1142423439148939,0.00917377785763394,0.12788175003525074
seq_350.png,0.2148357434225976,0.11559902889025207,0.02088631570561157,0.3148176433799531
seq_351.png,0.27586332535490027,0.09844718740910893,0.022380095108633414,0.3920244995220043
seq_352.png,0.29452260270722963,0.10059830960307291,0.02706462272312322,0.4742375523956065
seq_353.png,0.3325174047568984,0.11034351706083892,0.03845954667848284,0.3627764325851604
seq_354.png,0.29727333483715646,0.12814357531589504,0.039278231050606204,0.33769306175209973
seq_355.png,0.2928028228687117,0.125258892521541,0.038899379688478855,0.19446644016156683
seq_356.png,0.2477462331469751,0.11691191872843246,0.02783551494887839,0.13010112107880456
seq_357.png,0.21794044271263524,0.09174080933667804,0.04079619827599062,0.10703752379011923
seq_358.png,0.20329044739284877,0.08474976287259128,0.0503847539562528,0.11121981159507291
seq_359.png,0.20967483374648102,0.07681029154570106,0.04182022807317301,0.12719678687493782
seq_360.png,0.21978070872734629,0.07779016138057684,0.03350959087678569,0.1712954204905706
seq_361.png,0.2386602625807886,0.07159531114617058,0.017084918642602177,0.12993501190433607
seq_362.png,0.2220514825002014,0.06528085345691445,0.012084619647705375,0.19095471157368626
seq_363.png,0.24904036704981394,0.06590669052366054,0.017304695478370137,0.22853169845766486
seq_364.png,0.25761128711623116,0.056741771282613936,0.018619871084050513,0.24661239157406423
seq_365.png,0.2692449472422271,0.0700516358760608,0.019673076377116107,0.250692283197041
seq_366.png,0.2683646357768539,0.08399203706282943,0.018286978673039602,0.15067852017867617
seq_367.png,0.22712586308699337,0.0824233276742625,0.020315761528838863,0.1903527650511086
seq_368.png,0.24748727015970806,0.08334033405612444,0.015726708085949084,0.16356799167202438
seq_369.png,0.2358723573724791,0.0823424661470899,0.017258404781080188,0.18257613681519685
seq_370.png,0.24487174209654972,0.08443906429596608,0.017057624849445157,0.2065384457099525
seq_371.png,0.2519882205419532,0.08412031241562552,0.014130172245629059,0.32449011052917925
seq_372.png,0.28441564942332764,0.052702605014868384,0.019659633638913456,0.24137758705952433
seq_373.png,0.2630016294104774,0.04785126306743881,0.017101672542010362,0.23356380204731625
seq_374.png,0.260040911952282,0.03494598426672667,0.01682217989418128,0.23131403767154018
seq_375.png,0.25371095152562484,0.026192011338882094,0.013690090672526216,0.26238309024289685
seq_376.png,0.26966191000081813,0.013782784257673155,0.011961957195449695,0.28887597294082507
seq_377.png,0.2745561383100339,0.9949782988896352,0.011014430010778543,0.21860790442528255
seq_378.png,0.2490806615317248,0.9774096353625134,0.009551838290204293,0.27488891759932477
seq_379.png,0.2651277214003958,0.007128216876274358,0.009649813201914888,0.2579420037200628
seq_380.png,0.26664521537268177,0.021879938741485628,0.00975369160146769,0.29000012143839526
seq_381.png,0.2829403227750695,0.03917615158640326,0.011287027145835937,0.18562412252324703
seq_382.png,0.2439338076302844,0.056487572989422585,0.014853852613052132,0.2671739530829497
seq_383.png,0.273589468013711,0.05844994587756027,0.014717348999380243,0.27143730101812596
seq_384.png,0.2747874248526833,0.06371142880782026,0.013338911489932236,0.22816326785329968
seq_385.png,0.2605709451889866,0.09269912068943743,0.013650131400510485,0.19983216201501378
seq_386.png,0.25386528128310387,0.08972420910411566,0.014688733597830357,0.1156872350703296
seq_387.png,0.21608358596523145,0.08380086646766242,0.021898924589834466,0.09043945014042991
seq_388.png,0.2026775739982621,0.07522927967606383,0.030432598728045584,0.10730739532853456
seq_389.png,0.2075899632007333,0.06279086731622616,0.030794517781469587,0.04621004255066497
seq_390.png,0.16836975487864034,0.08499018047962237,0.03437545666787134,0.037926754767974837
seq_391.png,0.1641312104863418,0.0910800781526499,0.03312103388352829,0.036136158249074186
seq_392.png,0.16507726060178077,0.08384095284655019,0.023940098393651573,0.032556118454386045
seq_393.png,0.16361600864579598,0.0884818439539313,0.020695567711398504,0.05075533418160295
seq_394.png,0.17591458447611402,0.08263061017508648,0.017020018214832233,0.022699762790330518
seq_395.png,0.1459192018832242,0.07178864871582435,0.009890753664192876,0.03867298528638865
seq_396.png,0.16121551690934297,0.059013507594392375,0.009663800343224394,0.1200699552634436
seq_397.png,0.21774409697190575,0.048483850074272555,0.02458260487457048,0.13100195785682814
seq_398.png,0.22319418103792404,0.03610132605275118,0.03187538789232078,0.11472247446926351
seq_399.png,0.21401600610327098,0.03476220469700866,0.03291733586845338,0.12021511631437161
seq_400.png,0.21650648884932502,0.03446781406040685,0.033687818680576784,0.1111956925800464
seq_401.png,0.2162541659386546,0.04409682347183689,0.023199733046984475,0.07107930230942076
seq_402.png,0.18900892903018038,0.025068395330914914,0.01204695130693154,0.03797381636355406
seq_403.png,0.16270650732803407,0.021424246259515927,0.02325642422219179,0.02828578570305741
seq_404.png,0.1563564753308101,0.021060799868112323,0.02760326343337999,0.02562711125713704
seq_405.png,0.15384806816146457,0.03172398990590415,0.02910097452841952,0.0
seq_406.png,0.10687827562923918,0.17771405448153196,0.036828818874659164,0.0012034792901993137
seq_407.png,0.11321953932018763,0.23820697516132253,0.0312945886578392,0.0
seq_408.png,0.10571137202597387,0.23461596464887902,0.02713240620367796,0.0
seq_409.png,0.10444374167673028,0.28292160888731926,0.02474691906297344,0.0
seq_410.png,0.06895946556728692,0.27711208274455906,0.027086259556794876,0.0
seq_411.png,0.07680053054779531,0.2084205174103526,0.01833175952824677,0.0
seq_412.png,0.0697126176740753,0.2045973386289598,0.02011418598821942,0.0
seq_413.png,0.06117874299225965,0.18194716761493615,0.019199217558790824,0.0
seq_414.png,0.06439309340472771,0.14977228012170812,0.015714713994368672,0.0
seq_415.png,0.08180925288430926,0.12483172833815988,0.007678094509538418,0.0
seq_416.png,0.08169019498670059,0.11203483799847083,0.008845584257382636,0.0
seq_417.png,0.08544969852538824,0.10010633751768866,0.01025932711050729,0.0
seq_418.png,0.08122522882536312,0.1570900522964588,0.010364407959967094,0.0
seq_419.png,0.06487472596914638,0.18165394258808254,0.009372756004434104,0.0
seq_420.png,0.03327307857938535,0.17871249459898828,0.020022038544861846,0.0
seq_421.png,0.051062818037913696,0.08389275890163445,0.02074272782370297,0.0
seq_422.png,0.05438099768229144,0.0676067853237608,0.019647738720203253,0.0
seq_423.png,0.09776878103100733,0.8543988119766339,0.022984822825512813,0.0
seq_424.png,0.11812087118713012,0.8543962688280943,0.03182572507383945,0.0
seq_425.png,0.11489624379001483,0.8697616332303386,0.03645658228615486,0.0
seq_426.png,0.08735439787596253,0.9394154200081873,0.02904432271371642,0.0
seq_427.png,0.11733653815085314,0.8506576709286156,0.02481797185097208,0.0
seq_428.png,0.106384110156714,0.8337764204523057,0.012364543233129252,0.0
seq_429.png,0.08627533813502297,0.8564279901980277,0.014738769034919453,0.0
seq_430.png,0.08440403780220213,0.7936625755601218,0.015184547782028802,0.0
seq_431.png,0.07582627902441802,0.7309476848065781,0.015603162184175063,0.0
seq_432.png,0.06813978027135223,0.6947460500876474,0.01865064024821125,0.0
seq_433.png,0.07751262200998851,0.6536796689091858,0.01312910125774292,0.0
seq_434.png,0.08348548441420771,0.6431170829136778,0.006812234666901992,0.0
seq_435.png,0.08623475043035651,0.725337329580437,0.006803906758564015,0.0
seq_436.png,0.07085734512409148,0.6955021705348925,0.007003109321744284,0.0
seq_437.png,0.059976009460009014,0.7868480394995029,0.009920501449857528,0.0
seq_438.png,0.06346414952650395,0.8995818300852936,0.010663379033795948,0.0
seq_439.png,0.054900834334137304,0.866023543960569,0.01278395924345897,0.0
seq_440.png,0.05087000988784949,0.8046182051627421,0.0127451508945356,0.0
seq_441.png,0.07014319164380964,0.703874427463088,0.008059108377188274,0.0
seq_442.png,0.0646950466314985,0.662330527760118,0.006979315022558489,0.0
seq_443.png,0.056887106363584385,0.6509799048031671,0.007152939814679931,0.0
seq_444.png,0.06622321012857228,0.6864279198375836,0.00748864214421383,0.0
seq_445.png,0.06131041419776261,0.6563824424076442,0.006947240988215427,0.0
seq_446.png,0.07862755424450714,0.6537351943190125,0.007520874590628877,0.0
seq_447.png,0.10448202143454552,0.6580235785473874,0.01748369624173716,0.0
seq_448.png,0.09578496828918877,0.6368536895278467,0.019376934417040907,0.0
seq_449.png,0.08539748595727828,0.6729217241767194,0.01670535203438487,0.0
seq_450.png,0.08411192172594459,0.6505954655152858,0.014822970828140795,0.0
seq_451.png,0.08884424378002662,0.6567252164452526,0.009256928515630734,0.0
seq_452.png,0.1111365037813628,0.6776784292090423,0.010950376151604007,0.0
seq_453.png,0.11408810295773586,0.6573652421615714,0.013110292099876788,0.0
seq_454.png,0.11325921898019185,0.6443426685817127,0.014742806169383728,0.0
seq_455.png,0.11358810140649318,0.5967012311636383,0.013823319238421334,0.0
seq_456.png,0.09915809882386266,0.5642821060423424,0.010396553222941373,0.0
seq_457.png,0.11617106282617264,0.5802633362497588,0.0061318951672261505,0.0
seq_458.png,0.11210342000644868,0.6187405378979548,0.006141533920497888,0.0
seq_459.png,0.0901031909521826,0.6270350168665837,0.01038060922610958,0.0
seq_460.png,0.09704867323702544,0.6443979396766862,0.010655669246143458,0.0
seq_461.png,0.11417427261271465,0.6226936079911128,0.01075572431994764,0.0
seq_462.png,0.11732796847934839,0.5788744380595395,0.011390987429532968,0.0
seq_463.png,0.09719562513161935,0.6247052808733777,0.011242358998355063,0.0
seq_464.png,0.07106257267667894,0.6768159203811402,0.01687908116458928,0.0
seq_465.png,0.07657657457403802,0.7015758026537061,0.018898260716761324,0.0
seq_466.png,0.0658957086868623,0.6476226520275126,0.022369581402984205,0.0
seq_467.png,0.08522237521934019,0.713987003324148,0.019090658571364855,0.0
seq_468.png,0.10414099391087933,0.7190484623233818,0.015026543136847656,0.0
seq_469.png,0.09081243058660671,0.7043199870875871,0.014043985053879054,0.0
seq_470.png,0.10597059985960114,0.7035291526627488,0.015608521116035192,0.0
seq_471.png,0.10805295436492911,0.683110975966313,0.01623661053302261,0.0
seq_472.png,0.11160266175131991,0.6779350752827066,0.01048281249004694,0.0
seq_473.png,0.10630412655600072,0.6973035674185712,0.007154928586439527,0.0
seq_474.png,0.10132725672367325,0.6720600630649971,0.007272879678278894,0.0
seq_475.png,0.0924579872327408,0.6625338948718333,0.006682667785001182,0.0
seq_476.png,0.06144102128842593,0.5833039246461674,0.01857771712891319,0.0
seq_477.png,0.062156522647503994,0.5236759923641106,0.02215411683794973,0.0
seq_478.png,0.08361616717525988,0.5486017303074029,0.01925419120425969,0.0
seq_479.png,0.07101667385661448,0.5158215204789987,0.016468336184854097,0.0
seq_480.png,0.07075816016227962,0.5710740928525565,0.012243258772236027,0.0
seq_481.png,0.057620106500018226,0.6442087718109956,0.009435660258285216,0.0
seq_482.png,0.0849429906859587,0.6166030215486911,0.011027654953533516,0.0
seq_483.png,0.10299896694785535,0.6329336803657309,0.015619171019777027,0.0
seq_484.png,0.0830032181102848,0.5907703544496313,0.015580912144212346,0.0
seq_485.png,0.07650583694892747,0.5192868146818668,0.01521831933499929,0.0
seq_486.png,0.07523233268577116,0.5764147047900449,0.014820182654421072,0.0
seq_487.png,0.055006403984984194,0.6329945040016866,0.015627764282946807,0.0
seq_488.png,0.054887979826879756,0.6756881187745316,0.018185818652974296,0.0
seq_489.png,0.04792971870516741,0.6292475560978302,0.014516357934953017,0.0
seq_490.png,0.048110589851435306,0.6467910000685785,0.01297445592581582,0.0
seq_491.png,0.04827197587264765,0.7665590547489848,0.010507393402299602,0.0
seq_492.png,0.034046299892041096,0.7189040114862154,0.007633088294674278,0.0
seq_493.png,0.020982923444494917,0.5991654149430821,0.012506710152131294,0.0
seq_494.png,0.028753969668584144,0.6024993131379638,0.011807091306857831,0.0
seq_495.png,0.04795352177177048,0.749307521845009,0.011811091869567688,0.0
seq_496.png,0.02701702684005985,0.692272965288311,0.011336608060145942,0.0
seq_497.png,0.07151948940043261,0.5098436802885897,0.018617706182443114,0.0
seq_498.png,0.07162065598054491,0.4736701049752371,0.02273338768572289,0.0
seq_499.png,0.030653629844219654,0.3891450875567871,0.020997067919397337,0.0
